name,M_Msun,a_star,lambda_Edd,sigma_kms,Re_kpc,t_g_s,r_s_km,f_ISCO_Schw_Hz,fISCO_tg_invariant,r_ISCO_rg,f_ISCO_Kerr_Hz,f_ratio,rinfl_pc,rinfl_over_Re,t_fb_days,tde_possible,B_H_G_eta,P_BZ_erg_s_eta,B_H_G_adaf,P_BZ_erg_s_adaf
Cygnus X-1,21.2,0.95,0.02,,,0.00010442356575197402,62.61079489981782,103.70381590950318,0.010829122239356614,1.9372378781396624,417.9887743986421,4.030601677795528,,,0.18877817670482994,True,122859023.36679025,7.558716049382714e+37,183717090.85355923,1.6901802909038407e+38
Sgr A*,4300000.0,0.5,1e-08,120.0,,21.180251544032465,12699359.342887577,0.0005112839296003412,0.010829122239356613,4.233002529530826,0.0008159664231569315,1.5959164290470726,1.2843405219481698,,85.01940954864365,True,192.89712886816486,2.1234567901234572e+36,10847.402707313739,6.714959969740266e+39
M87*,6500000000.0,0.9,3e-06,350.0,6.3,32016.65931074675,19196705983.434708,3.382339841971488e-07,0.010829122239356613,2.320883041761887,1.1206716475937731e-06,3.3133029203255915,228.2188378820098,0.03622521236222378,3305.525676802405,False,271.746488194703,3.12e+43,1161.137434394042,5.6963145980537275e+44
