object,M [Msun],sigma [km/s],r_infl [pc],R_e [kpc],r_infl/R_e,"t_fb, solar star [days]",TDE_possible
Sgr A*,4297000.0,100,1.84816003740657,,,84.98974644037949,True
Sgr A*,4297000.0,140,0.9429387945951888,,,84.98974644037949,True
M87*,6500000000.0,324,266.3161831327752,6.3,0.0422724100210754,3305.525676802405,False
M87*,6500000000.0,370,204.21335018660483,6.3,0.0324148174899372,3305.525676802405,False
