Object,Mass [M_sun],Spin a_* (prograde),t_g [s],r_s [km],r_ISCO [r_g] (Kerr),r_ISCO [km] (Kerr),f_ISCO [Hz] Schwarzschild,f_ISCO [Hz] Kerr (prograde),f_Kerr / f_Schwarz
Cygnus X-1,21.2,0.95,0.00010442356575197402,62.61079489981782,1.9372378781396629,60.646001730180345,103.70381590950318,417.98877439864197,4.030601677795527
LMC X-1,10.91,0.92,5.3738731243114935e-05,32.220932658349646,2.179871207383951,35.118741688496804,201.5142893933517,715.6413234451004,3.5513180013164396
GW150914 remnant,62.0,0.67,0.00030538967342558443,183.10704168814647,3.5280980856575606,323.00980162518437,35.46001447228173,71.42115713026458,2.014132204770893
